{
  "best_epoch": 1,
  "best_validation_BLEU": 1.89316423904359e-10,
  "best_validation_loss": 69.2716293334961
}